{
  "name": "server_driving_ui",
  "nodes": [
    {
      "parameters": {
        "jsCode": "const movieTitle = $('Extract Movie Title1').item.json.movieTitle;\nconst movieDetailsResponse = $('Enhanced Transform Details').item.json;\n\nfunction parseReviews(response, type) {\n  let reviews = [];\n  \n  try {\n    const content = response.choices?.[0]?.message?.content || '';\n    \n    if (!content || content.includes('no reviews found') || content.length < 10) {\n      console.log(`No ${type} reviews found from Perplexity`);\n      return [];\n    }\n    \n    reviews = content.split('\\n')\n      .map(review => review.trim())\n      .filter(review => {\n        if (review.length < 15 || review.length > 200) return false;\n        if (review.match(/^\\d+[\\.)]/)) return false;\n        if (review.includes('citation') || review.includes('[')) return false;\n        if (review.toLowerCase().includes('sorry') || review.toLowerCase().includes('unable')) return false;\n        return true;\n      })\n      .slice(0, 5);\n    \n    console.log(`Parsed ${reviews.length} ${type} reviews:`, reviews);\n    return reviews;\n  } catch (error) {\n    console.error(`Error parsing ${type} reviews:`, error.message);\n    return [];\n  }\n}\n\nlet positiveReviews = [];\ntry {\n  const positiveData = $('Get Positive Reviews1').item.json;\n  positiveReviews = parseReviews(positiveData, 'positive');\n} catch (error) {\n  console.error('Error getting positive reviews:', error.message);\n}\n\nlet negativeReviews = [];\ntry {\n  const negativeData = $('Get Negative Reviews1').item.json;\n  negativeReviews = parseReviews(negativeData, 'negative');\n} catch (error) {\n  console.error('Error getting negative reviews:', error.message);\n}\n\nconst fallbackPositive = [\n  \"Outstanding performances and brilliant cinematography make this a must-watch film.\",\n  \"Engaging storyline with excellent character development throughout the movie.\",\n  \"Visually stunning with impressive special effects and great direction.\",\n  \"Compelling narrative that keeps you hooked from start to finish.\",\n  \"Exceptional acting and well-crafted dialogue create an memorable experience.\"\n];\n\nconst fallbackNegative = [\n  \"Predictable plot with weak character development and poor pacing issues.\",\n  \"Disappointing storyline that fails to live up to expectations.\",\n  \"Overlong runtime with unnecessary scenes that drag the story down.\",\n  \"Weak script with unconvincing dialogue and mediocre performances.\",\n  \"Lacks originality and relies too heavily on tired genre conventions.\"\n];\n\nlet finalPositive = positiveReviews.length >= 3 ? positiveReviews : fallbackPositive;\nlet finalNegative = negativeReviews.length >= 3 ? negativeReviews : fallbackNegative;\n\nwhile (finalPositive.length < 5) {\n  finalPositive.push(fallbackPositive[finalPositive.length % fallbackPositive.length]);\n}\nwhile (finalNegative.length < 5) {\n  finalNegative.push(fallbackNegative[finalNegative.length % fallbackNegative.length]);\n}\n\nfinalPositive = finalPositive.slice(0, 5);\nfinalNegative = finalNegative.slice(0, 5);\n\nconst mergedResponse = {\n  ...movieDetailsResponse,\n  data: {\n    ...movieDetailsResponse.data,\n    sentimentReviews: {\n      positive: finalPositive,\n      negative: finalNegative\n    },\n    sentimentMetadata: {\n      totalReviews: 10,\n      positiveCount: finalPositive.length,\n      negativeCount: finalNegative.length,\n      source: positiveReviews.length >= 3 ? 'api' : 'fallback',\n      timestamp: new Date().toISOString(),\n      apiSuccess: {\n        positive: positiveReviews.length > 0,\n        negative: negativeReviews.length > 0\n      }\n    }\n  }\n};\n\nconsole.log('Final merged response with sentiment:', JSON.stringify(mergedResponse, null, 2));\n\nreturn mergedResponse;"
      },
      "type": "n8n-nodes-base.code",
      "typeVersion": 2,
      "position": [
        160,
        576
      ],
      "id": "35ef2427-6df8-486f-b023-86da25d9537a",
      "name": "Merge Movie Details with Sentiment"
    },
    {
      "parameters": {
        "httpMethod": "POST",
        "path": "tmdbai-enhanced",
        "responseMode": "responseNode",
        "options": {}
      },
      "type": "n8n-nodes-base.webhook",
      "typeVersion": 1,
      "position": [
        -1120,
        480
      ],
      "id": "65ee1e8d-ad7c-4cb0-a662-6d246afd0e63",
      "name": "Android API Webhook1",
      "webhookId": "enhanced-api-webhook"
    },
    {
      "parameters": {
        "conditions": {
          "string": [
            {
              "value1": "={{ $json.body.method }}",
              "value2": "getPopularMovies"
            }
          ]
        }
      },
      "type": "n8n-nodes-base.if",
      "typeVersion": 1,
      "position": [
        -912,
        384
      ],
      "id": "0dd24883-e0cc-49db-aba4-35247999a74b",
      "name": "Popular Movies?1"
    },
    {
      "parameters": {
        "conditions": {
          "string": [
            {
              "value1": "={{ $json.body.method }}",
              "value2": "getMovieDetails"
            }
          ]
        }
      },
      "type": "n8n-nodes-base.if",
      "typeVersion": 1,
      "position": [
        -912,
        576
      ],
      "id": "c9e9f9b9-b552-46ed-b04b-c0ae1bf8bf2f",
      "name": "Movie Details?1"
    },
    {
      "parameters": {
        "url": "https://api.themoviedb.org/3/movie/popular",
        "sendQuery": true,
        "queryParameters": {
          "parameters": [
            {
              "name": "include_adult",
              "value": "true"
            },
            {
              "name": "language",
              "value": "en-US"
            },
            {
              "name": "page",
              "value": "={{ $('Android API Webhook1').item.json.params?.page || $json.body.params.page }}"
            }
          ]
        },
        "sendHeaders": true,
        "headerParameters": {
          "parameters": [
            {
              "name": "Authorization",
              "value": "Bearer {KEY}"
            },
            {
              "name": "accept",
              "value": "application/json"
            }
          ]
        },
        "options": {}
      },
      "type": "n8n-nodes-base.httpRequest",
      "typeVersion": 4.2,
      "position": [
        -704,
        368
      ],
      "id": "0ecafc9d-c43d-423a-9517-9779b6839583",
      "name": "TMDB Popular1"
    },
    {
      "parameters": {
        "url": "=https://api.themoviedb.org/3/movie/{{ $json.body.params.movieId }}",
        "sendQuery": true,
        "queryParameters": {
          "parameters": [
            {
              "name": "language",
              "value": "en-US"
            },
            {
              "name": "append_to_response",
              "value": "credits,videos,similar"
            }
          ]
        },
        "sendHeaders": true,
        "headerParameters": {
          "parameters": [
            {
              "name": "Authorization",
              "value": "Bearer {KEY}"
            },
            {
              "name": "accept",
              "value": "application/json"
            }
          ]
        },
        "options": {}
      },
      "type": "n8n-nodes-base.httpRequest",
      "typeVersion": 4.2,
      "position": [
        -704,
        576
      ],
      "id": "376e425e-6253-4ef1-856b-6d85aaf186cd",
      "name": "TMDB Details1"
    },
    {
      "parameters": {
        "options": {}
      },
      "type": "n8n-nodes-base.respondToWebhook",
      "typeVersion": 1,
      "position": [
        352,
        368
      ],
      "id": "b47124d7-0776-4024-8cc4-c0a542c0c854",
      "name": "Final Response1"
    },
    {
      "parameters": {
        "jsCode": "let movieTitle = '';\n\ntry {\n  const data = $input.item.json;\n  console.log('Full input data structure:', JSON.stringify(data, null, 2));\n  \n  if (data.data?.movieDetails?.title) {\n    movieTitle = data.data.movieDetails.title;\n    console.log('Found movieTitle in data.movieDetails.title:', movieTitle);\n  } else if (data.movieDetails?.title) {\n    movieTitle = data.movieDetails.title;\n    console.log('Found movieTitle in movieDetails.title:', movieTitle);\n  } else if (data.movieTitle) {\n    movieTitle = data.movieTitle;\n    console.log('Found movieTitle in root:', movieTitle);\n  } else if (data.title) {\n    movieTitle = data.title;\n    console.log('Found movieTitle in title:', movieTitle);\n  } else {\n    console.error('MovieTitle not found in any expected location');\n    console.log('Available data keys:', Object.keys(data));\n    if (data.data) {\n      console.log('Available data.data keys:', Object.keys(data.data));\n    }\n    movieTitle = 'Unknown Movie';\n  }\n} catch (error) {\n  console.error('Error extracting movie title:', error.message);\n  movieTitle = 'Unknown Movie';\n}\n\nconst standardizedData = {\n  movieTitle: movieTitle\n};\n\nconsole.log('Final extracted movie title:', movieTitle);\nreturn { json: standardizedData };"
      },
      "type": "n8n-nodes-base.code",
      "typeVersion": 2,
      "position": [
        -144,
        576
      ],
      "id": "793e8f49-d0db-45a9-af51-7a14f4d01694",
      "name": "Extract Movie Title1"
    },
    {
      "parameters": {
        "method": "POST",
        "url": "https://api.perplexity.ai/chat/completions",
        "authentication": "predefinedCredentialType",
        "nodeCredentialType": "perplexityApi",
        "sendBody": true,
        "specifyBody": "json",
        "jsonBody": "={\n  \"model\": \"sonar\",\n  \"messages\": [\n    {\n      \"role\": \"system\",\n      \"content\": \"You are a movie review aggregator. Find real movie reviews from critics and audiences.\"\n    },\n    {\n      \"role\": \"user\",\n      \"content\": \"Find 5 positive reviews for the movie '{{ $json.movieTitle }}'. Return each review as a separate line, no numbering, no citations, maximum 25 words per review. Focus on what critics and audiences liked about the movie.\"\n    }\n  ]\n}",
        "options": {}
      },
      "type": "n8n-nodes-base.httpRequest",
      "typeVersion": 4.2,
      "position": [
        16,
        480
      ],
      "id": "bd69cf0b-fd48-43a3-8629-290c82855b9a",
      "name": "Get Positive Reviews1",
      "credentials": {
        "perplexityApi": {
          "id": "PERPLEXITY_CRED_ID",
          "name": "Perplexity account"
        }
      }
    },
    {
      "parameters": {
        "method": "POST",
        "url": "https://api.perplexity.ai/chat/completions",
        "authentication": "predefinedCredentialType",
        "nodeCredentialType": "perplexityApi",
        "sendBody": true,
        "specifyBody": "json",
        "jsonBody": "={\n  \"model\": \"sonar\",\n  \"messages\": [\n    {\n      \"role\": \"system\",\n      \"content\": \"You are a movie review aggregator. Find real movie reviews from critics and audiences.\"\n    },\n    {\n      \"role\": \"user\",\n      \"content\": \"Find 5 negative reviews for the movie '{{ $json.movieTitle }}'. Return each review as a separate line, no numbering, no citations, maximum 25 words per review. Focus on what critics and audiences disliked about the movie.\"\n    }\n  ]\n}",
        "options": {}
      },
      "type": "n8n-nodes-base.httpRequest",
      "typeVersion": 4.2,
      "position": [
        16,
        672
      ],
      "id": "78249422-635a-4da2-ace8-468e9260ea79",
      "name": "Get Negative Reviews1",
      "credentials": {
        "perplexityApi": {
          "id": "PERPLEXITY_CRED_ID",
          "name": "Perplexity account"
        }
      }
    },
    {
      "parameters": {
        "jsCode": "// Этот код для Code node (JavaScript) в n8n\n// Он НЕ требует axios, использует встроенный httpRequest\n\n// URL твоего API, который возвращает цвета\nconst API_URL = 'http://192.168.0.236:8081/generate';  // замени на свой endpoint\n\n// входные данные\nconst input = items[0].json; // твой объект со page/results/...\n\n// для каждого фильма делаем запрос\nconst enrichedResults = [];\nfor (const movie of input.results) {\n  try {\n    const colorData = await this.helpers.httpRequest({\n      method: 'POST',\n      url: API_URL,\n      body: {\n        rating: movie.vote_average,\n      },\n      json: true,\n    });\n\n    enrichedResults.push({\n      ...movie,\n      colors: colorData,   // добавляем в объект фильма\n    });\n  } catch (err) {\n    // если ошибка API — просто вставляем пустой объект\n    enrichedResults.push({\n      ...movie,\n      colors: { error: err.message },\n    });\n  }\n}\n\n// возвращаем данные в формате n8n\nreturn [\n  {\n    json: {\n      ...input,\n      results: enrichedResults,\n    },\n  },\n];\n"
      },
      "type": "n8n-nodes-base.code",
      "typeVersion": 2,
      "position": [
        -496,
        368
      ],
      "id": "e26f7929-e747-4106-baa1-5a655ee316cf",
      "name": "Enrich Movies with Colors"
    },
    {
      "parameters": {
        "jsCode": "// Этот код для Code node (JavaScript) в n8n\n// Он НЕ требует axios, использует встроенный httpRequest\n\n// URL твоего API, который возвращает цвета\nconst API_URL = 'http://192.168.0.236:8081/generate';  // замени на свой endpoint\n\n// входные данные\nconst movie = items[0].json; // твой объект со page/results/...\n\n// для каждого фильма делаем запрос\nconst enrichedResults = [];\n\n  try {\n    const colorData = await this.helpers.httpRequest({\n      method: 'POST',\n      url: API_URL,\n      body: {\n        rating: movie.vote_average,\n      },\n      json: true,\n    });\n\n    enrichedResults.push({\n      colors: colorData,   // добавляем в объект фильма\n    });\n  } catch (err) {\n    // если ошибка API — просто вставляем пустой объект\n    enrichedResults.push({\n      colors: { error: err.message },\n    });\n  }\n\n\n// возвращаем данные в формате n8n\nreturn [\n  {\n    json: {\n      results: enrichedResults,\n    },\n  },\n];\n"
      },
      "type": "n8n-nodes-base.code",
      "typeVersion": 2,
      "position": [
        -496,
        576
      ],
      "id": "3dae5f93-3b14-458c-9086-eb80f36e5555",
      "name": "Enrich Movies with Colors1"
    },
    {
      "parameters": {
        "jsCode": "// Входные ноды\nconst originalRequest = $('Android API Webhook1').item?.json;\nconst tmdbData = $('TMDB Details1').item?.json;\n\nconsole.log('Movie details request:', originalRequest);\nconsole.log('TMDB data received:', !!tmdbData);\n\n// Если TMDB-данных нет — возвращаем ошибку (как было в оригинале)\nif (!tmdbData) {\n  return {\n    success: false,\n    error: 'Failed to get movie details',\n    data: null,\n    meta: {\n      timestamp: new Date().toISOString(),\n      method: 'getMovieDetails',\n      movieId: originalRequest?.params?.movieId ?? null\n    }\n  };\n}\n\n// Дефолтные цвета (на случай отсутствия Enrich)\nconst defaultColors = {\n  primary: '#2196F3',\n  secondary: '#4CAF50',\n  accent: '#FF9800'\n};\n\n// Утилита: аккуратно извлечь colors из возможных форматов ноды Enrich\nfunction extractEnrichedColors(payload) {\n  if (!payload) return null;\n\n  // формат: [ { results: [ { colors: {...} } ] } ]\n  if (Array.isArray(payload) && payload.length > 0) {\n    const first = payload[0];\n    if (first?.results && Array.isArray(first.results) && first.results[0]?.colors) {\n      return first.results[0].colors;\n    }\n    // в случае, если первая запись сама содержит colors\n    if (first?.colors) return first.colors;\n  }\n\n  // формат: { results: [ { colors: {...} } ] }\n  if (payload?.results && Array.isArray(payload.results) && payload.results[0]?.colors) {\n    return payload.results[0].colors;\n  }\n\n  // формат: { colors: {...} }\n  if (payload?.colors) return payload.colors;\n\n  return null;\n}\n\n// Попытка получить enriched colors из ноды (поддерживаем разные формы)\nlet enrichedColors = null;\ntry {\n  const enrichPayload = $('Enrich Movies with Colors1').item?.json;\n  enrichedColors = extractEnrichedColors(enrichPayload);\n  console.log('Enrich payload raw:', enrichPayload);\n  console.log('Extracted enrichedColors:', enrichedColors);\n} catch (e) {\n  console.log('Error reading Enrich Movies with Colors1:', e.message);\n}\n\n// Формируем aiColors — берем поля из enrichedColors, иначе дефолт\nconst aiColors = {\n  primary: enrichedColors?.primary ?? defaultColors.primary,\n  secondary: enrichedColors?.secondary ?? defaultColors.secondary,\n  accent: enrichedColors?.accent ?? defaultColors.accent\n};\n\n// Определяем рейтинг фильма: по умолчанию — из TMDB, но если в enriched.metadata.rating есть — он имеет приоритет\nlet movieRating = (typeof tmdbData.vote_average === 'number') ? tmdbData.vote_average : 0;\nif (enrichedColors?.metadata && (typeof enrichedColors.metadata.rating === 'number')) {\n  movieRating = enrichedColors.metadata.rating;\n}\n\nfunction createUIConfig(aiColors, movieRating) {\n  let ratingType = 'medium';\n  if (movieRating >= 8.0) ratingType = 'high';\n  else if (movieRating < 6.0) ratingType = 'low';\n\n  return {\n    colors: {\n      primary: aiColors.primary,\n      secondary: aiColors.secondary,\n      background: '#121212',\n      surface: '#1E1E1E',\n      onPrimary: '#FFFFFF',\n      onSecondary: '#FFFFFF',\n      onBackground: '#FFFFFF',\n      onSurface: '#FFFFFF',\n      moviePosterColors: [aiColors.primary, aiColors.secondary, aiColors.accent]\n    },\n    texts: {\n      appTitle: 'TmdbAi - Movie Details',\n      loadingText: 'Loading details...',\n      errorMessage: 'Error loading movie',\n      noMoviesFound: 'Movie not found',\n      retryButton: 'Retry',\n      backButton: 'Back to list',\n      playButton: 'Watch'\n    },\n    buttons: {\n      primaryButtonColor: aiColors.primary,\n      secondaryButtonColor: aiColors.secondary,\n      buttonTextColor: '#FFFFFF',\n      buttonCornerRadius: 12\n    },\n    movieRating: {\n      value: movieRating,\n      type: ratingType,\n      colorBased: true\n    }\n  };\n}\n\n// Собираем movieDetails полностью из tmdbData (не теряем поля)\nconst movieDetails = {\n  id: tmdbData.id ?? 0,\n  title: tmdbData.title ?? '',\n  description: tmdbData.overview ?? '',\n  posterPath: tmdbData.poster_path ?? null,\n  backdropPath: tmdbData.backdrop_path ?? null,\n  rating: movieRating,\n  voteCount: tmdbData.vote_count ?? 0,\n  releaseDate: tmdbData.release_date ?? '',\n  runtime: tmdbData.runtime ?? 0,\n  genres: tmdbData.genres ?? [],\n  productionCompanies: tmdbData.production_companies ?? [],\n  budget: tmdbData.budget ?? 0,\n  revenue: tmdbData.revenue ?? 0,\n  status: tmdbData.status ?? 'unknown'\n};\n\nconsole.log('Storing movie details for sentiment analysis:', movieDetails.title);\n\nconst response = {\n  success: true,\n  data: {\n    movieDetails: movieDetails,\n    // Добавляем сырые данные из Enrich — чтобы видеть весь вход\n    enrichedColors: enrichedColors ?? null\n  },\n  uiConfig: createUIConfig(aiColors, movieRating),\n  error: null,\n  meta: {\n    timestamp: new Date().toISOString(),\n    method: 'getMovieDetails',\n    movieId: tmdbData.id ?? null,\n    aiGenerated: true,\n    // Сырые enriched данные в meta (удобно для логов)\n    enrichedColors: enrichedColors ?? null,\n    // backward-compat: geminiColors оставляем как parsed цвета\n    geminiColors: {\n      primary: aiColors.primary,\n      secondary: aiColors.secondary,\n      accent: aiColors.accent\n    },\n    movieRating: movieRating,\n    version: '3.0.0-details-only'\n  }\n};\n\nconsole.log('Response created successfully');\nconsole.log('Movie title:', movieDetails.title);\nconsole.log('Rating-based colors:', aiColors);\n\nreturn response;\n"
      },
      "type": "n8n-nodes-base.code",
      "typeVersion": 2,
      "position": [
        -320,
        576
      ],
      "id": "c079226a-09bf-4c12-889b-d3777cb0bc15",
      "name": "Enhanced Transform Details"
    },
    {
      "parameters": {
        "content": "## Webhook \nMobile request trigger",
        "height": 592,
        "width": 192,
        "color": 5
      },
      "type": "n8n-nodes-base.stickyNote",
      "typeVersion": 1,
      "position": [
        -1168,
        240
      ],
      "id": "b468bf1b-65c7-40a4-bfb6-9ef51f925ebd",
      "name": "Sticky Note"
    },
    {
      "parameters": {
        "content": "## Request Logic\nRequest separation",
        "height": 592,
        "width": 192
      },
      "type": "n8n-nodes-base.stickyNote",
      "typeVersion": 1,
      "position": [
        -960,
        240
      ],
      "id": "ca13f915-5b94-41e4-9150-4a7c50bafe9c",
      "name": "Sticky Note1"
    },
    {
      "parameters": {
        "content": "## Tmdb API\nRequest to Tmdb API for data retrieving",
        "height": 592,
        "width": 192
      },
      "type": "n8n-nodes-base.stickyNote",
      "typeVersion": 1,
      "position": [
        -752,
        240
      ],
      "id": "f1a6c1c5-24a4-446b-bfc6-e2b565ce47d5",
      "name": "Sticky Note2"
    },
    {
      "parameters": {
        "content": "## Local AI Model\nModel data request for UI colors and data transformation with code part",
        "height": 592,
        "width": 352
      },
      "type": "n8n-nodes-base.stickyNote",
      "typeVersion": 1,
      "position": [
        -544,
        240
      ],
      "id": "b8bc7f83-d68d-4704-a7c0-e57efe8ea1de",
      "name": "Sticky Note3"
    },
    {
      "parameters": {
        "content": "## External AI service \nFetch user opinions and final data transformations",
        "height": 592,
        "width": 448
      },
      "type": "n8n-nodes-base.stickyNote",
      "typeVersion": 1,
      "position": [
        -176,
        240
      ],
      "id": "da10dd22-ea55-45e2-aa50-eaf9fcab15f6",
      "name": "Sticky Note4"
    },
    {
      "parameters": {
        "content": "## Response \nFinal response \n(Error cases implemented in separated flow)",
        "height": 592,
        "width": 256,
        "color": 4
      },
      "type": "n8n-nodes-base.stickyNote",
      "typeVersion": 1,
      "position": [
        288,
        240
      ],
      "id": "8334e95d-7e2d-4b30-aa8d-68a8c8297930",
      "name": "Sticky Note5"
    },
    {
      "parameters": {
        "content": "Backend flow realization",
        "height": 80,
        "width": 1712,
        "color": 5
      },
      "type": "n8n-nodes-base.stickyNote",
      "typeVersion": 1,
      "position": [
        -1168,
        144
      ],
      "id": "9752f277-e03d-401a-8946-d92dcbe657c4",
      "name": "Sticky Note6"
    }
  ],
  "pinData": {},
  "connections": {
    "Merge Movie Details with Sentiment": {
      "main": [
        [
          {
            "node": "Final Response1",
            "type": "main",
            "index": 0
          }
        ]
      ]
    },
    "Android API Webhook1": {
      "main": [
        [
          {
            "node": "Popular Movies?1",
            "type": "main",
            "index": 0
          },
          {
            "node": "Movie Details?1",
            "type": "main",
            "index": 0
          }
        ]
      ]
    },
    "Popular Movies?1": {
      "main": [
        [
          {
            "node": "TMDB Popular1",
            "type": "main",
            "index": 0
          }
        ]
      ]
    },
    "Movie Details?1": {
      "main": [
        [
          {
            "node": "TMDB Details1",
            "type": "main",
            "index": 0
          }
        ]
      ]
    },
    "TMDB Popular1": {
      "main": [
        [
          {
            "node": "Enrich Movies with Colors",
            "type": "main",
            "index": 0
          }
        ]
      ]
    },
    "TMDB Details1": {
      "main": [
        [
          {
            "node": "Enrich Movies with Colors1",
            "type": "main",
            "index": 0
          }
        ]
      ]
    },
    "Extract Movie Title1": {
      "main": [
        [
          {
            "node": "Get Positive Reviews1",
            "type": "main",
            "index": 0
          },
          {
            "node": "Get Negative Reviews1",
            "type": "main",
            "index": 0
          }
        ]
      ]
    },
    "Get Positive Reviews1": {
      "main": [
        [
          {
            "node": "Merge Movie Details with Sentiment",
            "type": "main",
            "index": 0
          }
        ]
      ]
    },
    "Get Negative Reviews1": {
      "main": [
        [
          {
            "node": "Merge Movie Details with Sentiment",
            "type": "main",
            "index": 0
          }
        ]
      ]
    },
    "Enrich Movies with Colors": {
      "main": [
        [
          {
            "node": "Final Response1",
            "type": "main",
            "index": 0
          }
        ]
      ]
    },
    "Enrich Movies with Colors1": {
      "main": [
        [
          {
            "node": "Enhanced Transform Details",
            "type": "main",
            "index": 0
          }
        ]
      ]
    },
    "Enhanced Transform Details": {
      "main": [
        [
          {
            "node": "Extract Movie Title1",
            "type": "main",
            "index": 0
          }
        ]
      ]
    }
  },
  "active": true,
  "settings": {
    "executionOrder": "v1"
  },
  "versionId": "66319fe0-2939-41f1-99d7-e102bd3feb5c",
  "meta": {
    "instanceId": "1507ddc4e598f247af9738f571d2800ae748e638aa198b8f8b0481eca03c1ec2"
  },
  "id": "xiPYsga1U0S7UtJB",
  "tags": []
}